key,transaction_real_price
462533,0
764018,0
813528,0
845097,0
856338,0
977181,0
1037012,0
1158117,0
1204038,0
1204146,0
1253422,0
1369751,0
1379723,0
1389544,0
1394472,0
1395869,0
1411847,0
1419442,0
1435592,0
1436429,0
1438962,0
1444406,0
1445883,0
1450094,0
1452779,0
1458536,0
1459610,0
1460129,0
1462023,0
1462947,0
1463225,0
1463595,0
1473795,0
1474416,0
1480440,0
1482449,0
1484643,0
1484823,0
1488114,0
1488682,0
1489423,0
1489927,0
1491157,0
1492227,0
1492253,0
1492303,0
1494288,0
1495418,0
1496368,0
1496808,0
1497393,0
1498333,0
1498879,0
1499555,0
1499565,0
1499967,0
1500689,0
1502166,0
1503369,0
1503614,0
1503634,0
1504637,0
1508055,0
1508425,0
1509930,0
1510222,0
1510886,0
1512785,0
1513442,0
1514959,0
1516485,0
1516737,0
1517181,0
1517574,0
1517617,0
1518205,0
1518325,0
1518371,0
1518537,0
1519091,0
1519299,0
1521024,0
1521186,0
1521238,0
1521890,0
1522679,0
1522803,0
1522890,0
1523822,0
1523851,0
1524011,0
1524567,0
1524690,0
1525694,0
1527845,0
1528230,0
1529047,0
1529083,0
1529393,0
1530630,0
1532330,0
1532536,0
1532691,0
1532798,0
1533059,0
1533199,0
1533221,0
1533585,0
1533643,0
1533644,0
1534976,0
1535525,0
1535615,0
1535816,0
1536408,0
1536582,0
1536729,0
1537181,0
1538325,0
1538689,0
1538712,0
1539848,0
1540085,0
1540468,0
1540617,0
1541073,0
1541203,0
1541415,0
1541646,0
1541762,0
1541870,0
1542015,0
1542071,0
1542353,0
1542447,0
1542578,0
1542588,0
1543311,0
1543317,0
1544009,0
1544136,0
1544179,0
1544293,0
1544373,0
1544421,0
1544433,0
1544922,0
1544958,0
1545411,0
1545622,0
1545935,0
1546018,0
1546150,0
1546278,0
1546380,0
1546411,0
1546699,0
1546733,0
1546765,0
1546985,0
1547064,0
1547267,0
1547270,0
1547596,0
1547734,0
1548000,0
1548476,0
1548649,0
1548836,0
1548905,0
1549291,0
1549540,0
1549648,0
1549675,0
1549806,0
1550070,0
1550229,0
1550392,0
1550396,0
1550776,0
1550785,0
1550976,0
1551188,0
1551405,0
1551618,0
1551668,0
1551762,0
1551786,0
1551888,0
1551889,0
1551890,0
1551919,0
1552084,0
1552213,0
1552336,0
1552516,0
1552752,0
1552863,0
1552963,0
1553093,0
1553097,0
1553266,0
1553283,0
1553309,0
1553455,0
1553537,0
1553752,0
1553977,0
1554053,0
1554056,0
1554200,0
1554206,0
1554309,0
1554546,0
1554636,0
1554673,0
1554714,0
1554737,0
1554887,0
1554970,0
1555072,0
1555421,0
1555624,0
1555662,0
1556206,0
1556241,0
1556275,0
1556315,0
1556359,0
1556367,0
1556500,0
1556781,0
1556791,0
1556794,0
1556855,0
1556979,0
1557036,0
1557050,0
1557168,0
1557991,0
1558450,0
1558491,0
1558529,0
1558592,0
1558635,0
1558876,0
1558999,0
1559516,0
1559572,0
1559592,0
1559675,0
1559715,0
1559829,0
1559839,0
1560160,0
1560169,0
1560225,0
1560258,0
1560266,0
1560278,0
1560311,0
1560406,0
1560616,0
1560617,0
1560677,0
1560695,0
1560824,0
1560837,0
1560852,0
1560878,0
1560931,0
1560950,0
1560992,0
1561061,0
1561179,0
1561219,0
1561246,0
1561274,0
1561310,0
1561355,0
1561366,0
1561385,0
1561393,0
1561446,0
1561517,0
1561784,0
1562077,0
1562098,0
1562135,0
1562215,0
1562342,0
1562468,0
1562611,0
1562681,0
1562694,0
1562846,0
1562851,0
1562870,0
1562959,0
1563044,0
1563116,0
1563147,0
1563429,0
1563437,0
1563862,0
1564056,0
1564249,0
1564250,0
1564306,0
1564314,0
1564532,0
1564644,0
1564657,0
1564811,0
1564941,0
1565135,0
1565174,0
1565220,0
1565277,0
1565321,0
1565334,0
1565364,0
1565421,0
1565675,0
1565737,0
1565751,0
1565813,0
1565893,0
1565973,0
1565976,0
1565980,0
1566012,0
1566057,0
1566156,0
1566349,0
1566355,0
1566491,0
1566600,0
1566602,0
1566605,0
1566705,0
1566921,0
1566922,0
1566978,0
1567001,0
1567072,0
1567123,0
1567155,0
1567188,0
1567261,0
1567271,0
1567439,0
1567441,0
1567455,0
1567456,0
1567579,0
1567582,0
1567587,0
1567597,0
1567731,0
1567788,0
1567794,0
1567866,0
1567931,0
1567965,0
1567975,0
1568024,0
1568072,0
1568152,0
1568186,0
1568204,0
1568450,0
1568507,0
1568589,0
1568629,0
1568696,0
1568743,0
1568783,0
1568844,0
1568846,0
1568967,0
1568978,0
1569076,0
1569104,0
1569138,0
1569143,0
1569163,0
1569166,0
1569311,0
1569389,0
1569537,0
1569608,0
1569709,0
1569815,0
1569843,0
1570075,0
1570087,0
1570164,0
1570270,0
1570271,0
1570387,0
1570427,0
1570473,0
1570574,0
1570590,0
1570706,0
1570707,0
1570810,0
1570877,0
1570879,0
1570984,0
1571173,0
1571428,0
1571596,0
1571671,0
1571781,0
1571896,0
1572011,0
1572071,0
1572156,0
1572166,0
1572222,0
1572269,0
1572309,0
1572333,0
1572386,0
1572394,0
1572515,0
1572572,0
1572575,0
1572590,0
1572602,0
1572620,0
1572623,0
1572641,0
1572642,0
1572663,0
1572666,0
1572667,0
1572736,0
1572817,0
1572836,0
1572895,0
1572920,0
1573015,0
1573027,0
1573140,0
1573145,0
1573179,0
1573180,0
1573215,0
1573218,0
1573223,0
1573254,0
1573295,0
1573331,0
1573426,0
1573432,0
1573446,0
1573501,0
1573574,0
1573577,0
1573582,0
1573588,0
1573710,0
1573773,0
1573814,0
1573817,0
1573818,0
1573854,0
1573918,0
1573950,0
1574025,0
1574067,0
1574125,0
1574127,0
1574129,0
1574215,0
1574222,0
1574260,0
1574418,0
1574430,0
1574446,0
1574448,0
1574511,0
1574513,0
1574542,0
1574586,0
1574696,0
1574714,0
1574715,0
1574810,0
1574822,0
1574874,0
1574903,0
1574905,0
1574998,0
1575009,0
1575034,0
1575051,0
1575100,0
1575123,0
1575162,0
1575230,0
1575237,0
1575249,0
1575258,0
1575305,0
1575307,0
1575312,0
1575388,0
1575453,0
1575456,0
1575561,0
1575657,0
1575719,0
1575720,0
1575777,0
1575953,0
1576066,0
1576072,0
1576144,0
1576252,0
1576288,0
1576327,0
1576349,0
1576444,0
1576464,0
1576568,0
1576716,0
1576728,0
1576809,0
1576836,0
1576853,0
1576899,0
1576937,0
1576952,0
1577001,0
1577037,0
1577054,0
1577148,0
1577259,0
1577320,0
1577440,0
1577522,0
1577525,0
1577625,0
1577673,0
1577674,0
1577675,0
1577707,0
1577743,0
1577760,0
1577799,0
1577835,0
1577856,0
1577913,0
1577945,0
1577979,0
1578055,0
1578057,0
1578062,0
1578165,0
1578170,0
1578282,0
1578316,0
1578317,0
1578335,0
1578395,0
1578400,0
1578410,0
1578474,0
1578535,0
1578556,0
1578572,0
1578573,0
1578678,0
1578698,0
1578701,0
1578757,0
1578809,0
1578814,0
1578836,0
1578852,0
1578867,0
1578884,0
1578893,0
1578916,0
1578945,0
1579017,0
1579018,0
1579043,0
1579051,0
1579052,0
1579090,0
1579114,0
1579181,0
1579267,0
1579269,0
1579586,0
1579711,0
1579803,0
1579804,0
1579839,0
1579853,0
1579878,0
1579929,0
1579971,0
1579978,0
1580063,0
1580089,0
1580214,0
1580245,0
1580256,0
1580398,0
1580403,0
1580413,0
1580418,0
1580440,0
1580452,0
1580554,0
1580557,0
1580698,0
1580706,0
1580871,0
1580873,0
1580961,0
1581062,0
1581094,0
1581096,0
1581113,0
1581172,0
1581228,0
1581236,0
1581240,0
1581301,0
1581434,0
1581470,0
1581478,0
1581525,0
1581567,0
1581600,0
1581664,0
1581685,0
1581692,0
1581694,0
1581766,0
1581866,0
1581993,0
1582026,0
1582067,0
1582109,0
1582240,0
1582245,0
1582392,0
1582433,0
1582454,0
1582483,0
1582486,0
1582606,0
1582676,0
1582689,0
1583081,0
1583082,0
1583083,0
1583147,0
1583202,0
1583218,0
1583220,0
1583228,0
1583231,0
1583234,0
1583235,0
1583244,0
1583305,0
1583316,0
1583441,0
1583548,0
1583549,0
1583560,0
1583625,0
1583641,0
1583643,0
1583644,0
1583694,0
1583726,0
1583788,0
1583798,0
1583822,0
1583897,0
1583899,0
1584039,0
1584052,0
1584058,0
1584060,0
1584188,0
1584259,0
1584261,0
1584398,0
1584399,0
1584405,0
1584430,0
1584446,0
1584461,0
1584464,0
1584611,0
1584628,0
1584654,0
1584663,0
1584680,0
1584691,0
1584704,0
1584739,0
1584768,0
1584788,0
1584792,0
1584849,0
1584876,0
1584878,0
1584938,0
1585013,0
1585019,0
1585025,0
1585034,0
1585055,0
1585066,0
1585113,0
1585129,0
1585147,0
1585155,0
1585208,0
1585229,0
1585230,0
1585266,0
1585317,0
1585382,0
1585389,0
1585394,0
1585409,0
1585450,0
1585519,0
1585583,0
1585600,0
1585612,0
1585646,0
1585675,0
1585691,0
1585698,0
1585717,0
1585723,0
1585737,0
1585739,0
1585767,0
1585797,0
1585829,0
1585863,0
1585886,0
1585900,0
1585903,0
1585922,0
1585937,0
1585954,0
1585970,0
1585989,0
1586014,0
1586026,0
1586040,0
1586090,0
1586093,0
1586186,0
1586192,0
1586222,0
1586274,0
1586291,0
1586321,0
1586341,0
1586357,0
1586372,0
1586388,0
1586399,0
1586402,0
1586432,0
1586434,0
1586439,0
1586451,0
1586499,0
1586507,0
1586524,0
1586589,0
1586590,0
1586593,0
1586682,0
1586732,0
1586737,0
1586761,0
1586781,0
1586787,0
1586827,0
1586828,0
1586844,0
1587066,0
1587110,0
1587112,0
1587117,0
1587131,0
1587159,0
1587197,0
1587213,0
1587216,0
1587246,0
1587247,0
1587293,0
1587297,0
1587318,0
1587340,0
1587366,0
1587368,0
1587386,0
1587458,0
1587479,0
1587480,0
1587507,0
1587523,0
1587524,0
1587539,0
1587553,0
1587581,0
1587615,0
1587617,0
1587627,0
1587629,0
1587650,0
1587654,0
1587664,0
1587665,0
1587722,0
1587772,0
1587790,0
1587823,0
1587829,0
1587849,0
1587949,0
1587967,0
1587981,0
1587988,0
1588068,0
1588071,0
1588088,0
1588112,0
1588180,0
1588234,0
1588253,0
1588272,0
1588279,0
1588289,0
1588480,0
1588491,0
1588496,0
1588517,0
1588527,0
1588561,0
1588607,0
1588653,0
1588665,0
1588675,0
1588698,0
1588703,0
1588705,0
1588711,0
1588726,0
1588746,0
1588830,0
1588874,0
1588905,0
1588908,0
1588911,0
1588922,0
1588927,0
1588928,0
1588943,0
1589046,0
1589051,0
1589059,0
1589061,0
1589066,0
1589073,0
1589098,0
1589143,0
1589158,0
1589178,0
1589179,0
1589230,0
1589248,0
1589253,0
1589260,0
1589263,0
1589289,0
1589290,0
1589300,0
1589314,0
1589322,0
1589358,0
1589374,0
1589383,0
1589384,0
1589399,0
1589455,0
1589463,0
1589466,0
1589468,0
1589479,0
1589481,0
1589493,0
1589544,0
1589548,0
1589551,0
1589553,0
1589557,0
1589562,0
1589566,0
1589574,0
1589610,0
1589620,0
1589626,0
1589674,0
1589700,0
1589741,0
1589747,0
1589748,0
1589753,0
1589755,0
1589832,0
1589864,0
1589866,0
1589867,0
1589881,0
1589891,0
1589893,0
1589895,0
1589914,0
1589988,0
1590012,0
1590015,0
1590025,0
1590028,0
1590029,0
1590032,0
1590039,0
1590071,0
1590126,0
1590162,0
1590163,0
1590164,0
1590183,0
1590197,0
1590198,0
1590207,0
1590253,0
1590257,0
1590258,0
1590279,0
1590282,0
1590287,0
1590298,0
1590300,0
1590345,0
1590386,0
1590409,0
1590434,0
1590510,0
1590520,0
1590541,0
1590548,0
1590553,0
1590583,0
1590585,0
1590631,0
1590641,0
1590723,0
1590730,0
1590731,0
1590735,0
1590736,0
1590789,0
1590792,0
1590874,0
1590879,0
1590885,0
1590931,0
1590934,0
1590956,0
1590964,0
1590969,0
1590972,0
1590987,0
1591014,0
1591067,0
1591078,0
1591097,0
1591119,0
1591121,0
1591136,0
1591147,0
1591155,0
1591158,0
1591186,0
1591191,0
1591196,0
1591220,0
1591226,0
1591253,0
1591287,0
1591288,0
1591293,0
1591320,0
1591339,0
1591346,0
1591362,0
1591364,0
1591375,0
1591403,0
1591421,0
1591432,0
1591468,0
1591480,0
1591548,0
1591560,0
1591567,0
1591569,0
1591587,0
1591603,0
1591608,0
1591633,0
1591652,0
1591670,0
1591679,0
1591708,0
1591726,0
1591728,0
1591750,0
1591765,0
1591911,0
1591932,0
1591967,0
1591971,0
1591979,0
1591988,0
1592004,0
1592013,0
1592017,0
1592020,0
1592026,0
1592039,0
1592041,0
1592049,0
1592060,0
1592086,0
1592185,0
1592216,0
1592224,0
1592240,0
1592243,0
1592248,0
1592254,0
1592271,0
1592278,0
1592297,0
1592339,0
1592346,0
1592379,0
1592383,0
1592412,0
1592425,0
1592430,0
1592453,0
1592460,0
1592469,0
1592471,0
1592480,0
1592481,0
1592488,0
1592492,0
1592504,0
1592509,0
1592545,0
1592550,0
1592581,0
1592625,0
1592645,0
1592647,0
1592653,0
1592657,0
1592673,0
1592675,0
1592689,0
1592691,0
1592694,0
1592722,0
1592760,0
1592779,0
1592814,0
1592823,0
1592837,0
1592849,0
1592862,0
1592876,0
1592884,0
1592886,0
1592912,0
1592916,0
1592917,0
1592943,0
1592993,0
1593071,0
1593072,0
1593076,0
1593085,0
1593118,0
1593119,0
1593140,0
1593144,0
1593164,0
1593176,0
1593186,0
1593188,0
1593192,0
1593194,0
1593203,0
1593219,0
1593230,0
1593233,0
1593242,0
1593317,0
1593379,0
1593381,0
1593400,0
1593416,0
1593430,0
1593431,0
1593447,0
1593456,0
1593457,0
1593459,0
1593462,0
1593468,0
1593478,0
1593479,0
1593480,0
1593483,0
1593518,0
1593519,0
1593523,0
1593557,0
1593563,0
1593569,0
1593583,0
1593604,0
1593606,0
1593617,0
1593670,0
1593683,0
1593686,0
1593687,0
1593699,0
1593711,0
1593731,0
1593758,0
1593759,0
1593761,0
1593804,0
1593813,0
1593815,0
1593816,0
1593836,0
1593837,0
1593843,0
1593845,0
1593846,0
1593849,0
1593863,0
1593878,0
1593908,0
1593915,0
1593943,0
1593959,0
1593978,0
1593985,0
1593994,0
1593997,0
1594000,0
1594026,0
1594077,0
1594090,0
1594093,0
1594103,0
1594105,0
1594123,0
1594124,0
1594139,0
1594142,0
1594186,0
1594197,0
1594201,0
1594234,0
1594321,0
1594337,0
1594354,0
1594357,0
1594426,0
1594429,0
1594432,0
1594436,0
1594437,0
1594443,0
1594446,0
1594448,0
1594449,0
1594460,0
1594464,0
1594471,0
1594472,0
1594475,0
1594483,0
1594489,0
1594513,0
1594566,0
1594618,0
1594622,0
1594624,0
1594634,0
1594662,0
1594683,0
1594688,0
1594695,0
1594705,0
1594721,0
1594727,0
1594732,0
1594737,0
1594738,0
1594764,0
1594773,0
1594779,0
1594790,0
1594804,0
1594818,0
1594830,0
1594878,0
1594914,0
1594918,0
1594924,0
1594925,0
1594928,0
1594942,0
1594956,0
1594983,0
1594998,0
1595000,0
1595005,0
1595016,0
1595033,0
1595058,0
1595065,0
1595067,0
1595078,0
1595081,0
1595089,0
1595118,0
1595137,0
1595172,0
1595234,0
1595259,0
1595260,0
1595272,0
1595290,0
1595291,0
1595309,0
1595310,0
1595323,0
1595333,0
1595334,0
1595342,0
1595368,0
1595382,0
1595390,0
1595395,0
1595402,0
1595413,0
1595435,0
1595448,0
1595481,0
1595487,0
1595492,0
1595494,0
1595496,0
1595501,0
1595518,0
1595530,0
1595537,0
1595540,0
1595552,0
1595557,0
1595560,0
1595561,0
1595564,0
1595575,0
1595593,0
1595595,0
1595617,0
1595632,0
1595644,0
1595654,0
1595656,0
1595662,0
1595668,0
1595670,0
1595687,0
1595710,0
1595711,0
1595722,0
1595725,0
1595728,0
1595734,0
1595735,0
1595737,0
1595739,0
1595743,0
1595747,0
1595766,0
1595769,0
1595775,0
1595777,0
1595784,0
1595788,0
1595792,0
1595799,0
1595800,0
1595801,0
1595844,0
1595891,0
1595894,0
1595896,0
1595901,0
1595908,0
1595911,0
1595946,0
1595947,0
1595967,0
1595973,0
1595976,0
1595979,0
1595986,0
1595999,0
1596016,0
1596024,0
1596030,0
1596043,0
1596048,0
1596051,0
1596054,0
1596058,0
1596074,0
1596078,0
1596088,0
1596089,0
1596091,0
1596101,0
1596123,0
1596127,0
1596135,0
1596138,0
1596140,0
1596142,0
1596146,0
1596163,0
1596170,0
1596171,0
1596172,0
1596180,0
1596183,0
1596196,0
1596203,0
1596221,0
1596228,0
1596241,0
1596242,0
1596247,0
1596276,0
1596277,0
1596278,0
1596286,0
1596294,0
1596295,0
1596297,0
1596309,0
1596310,0
1596333,0
1596334,0
1596338,0
1596354,0
1596356,0
1596372,0
1596377,0
1596387,0
1596388,0
1596391,0
1596392,0
1596398,0
1596410,0
1596411,0
1596415,0
1596430,0
1596441,0
1596466,0
1596467,0
1596488,0
1596501,0
1596506,0
1596523,0
1596540,0
1596546,0
1596547,0
1596572,0
1596573,0
1596577,0
1596580,0
1596589,0
1596590,0
1596594,0
1596603,0
1596616,0
1596619,0
1596622,0
1596625,0
1596633,0
1596657,0
1596658,0
1596669,0
1596680,0
1596692,0
1596695,0
1596713,0
1596716,0
1596722,0
1596735,0
1596740,0
1596755,0
1596763,0
1596765,0
1596766,0
1596768,0
1596773,0
1596774,0
1596777,0
1596781,0
1596788,0
1596793,0
1596796,0
1596801,0
1596811,0
1596817,0
1596828,0
1596836,0
1596837,0
1596838,0
1596849,0
1596850,0
1596851,0
1596859,0
1596860,0
1596862,0
1596865,0
1596867,0
1596868,0
1596875,0
1596882,0
1596885,0
1596917,0
1596923,0
1596928,0
1596929,0
1596958,0
1596962,0
1596968,0
1596973,0
1596985,0
1597008,0
1597040,0
1597049,0
1597060,0
1597082,0
1597083,0
1597103,0
1597116,0
1597117,0
1597118,0
1597149,0
1597151,0
1597158,0
1597161,0
1597165,0
1597175,0
1597182,0
1597194,0
1597195,0
1597198,0
1597199,0
1597203,0
1597205,0
1597206,0
1597207,0
1597209,0
1597210,0
1597216,0
1597232,0
1597250,0
1597255,0
1597260,0
1597265,0
1597266,0
1597267,0
1597272,0
1597280,0
1597287,0
1597301,0
1597317,0
1597325,0
1597329,0
1597330,0
1597331,0
1597332,0
1597337,0
1597342,0
1597343,0
1597370,0
1597383,0
1597385,0
1597391,0
1597409,0
1597451,0
1597457,0
1597473,0
1597475,0
1597504,0
1597511,0
1597514,0
1597539,0
1597541,0
1597544,0
1597546,0
1597548,0
1597549,0
1597554,0
1597559,0
1597565,0
1597570,0
1597600,0
1597624,0
1597625,0
1597629,0
1597635,0
1597636,0
1597640,0
1597642,0
1597649,0
1597652,0
1597658,0
1597664,0
1597667,0
1597668,0
1597677,0
1597680,0
1597682,0
1597688,0
1597695,0
1597704,0
1597707,0
1597726,0
1597737,0
1597739,0
1597741,0
1597743,0
1597750,0
1597752,0
1597756,0
1597761,0
1597765,0
1597777,0
1597790,0
1597802,0
1597806,0
1597807,0
1597823,0
1597835,0
1597836,0
1597837,0
1597842,0
1597847,0
1597867,0
1597870,0
1597875,0
1597877,0
1597878,0
1597880,0
1597888,0
1597900,0
1597901,0
1597908,0
1597910,0
1597914,0
1597919,0
1597921,0
1597936,0
1597954,0
1597971,0
1597981,0
1597983,0
1597988,0
1598011,0
1598014,0
1598015,0
1598019,0
1598026,0
1598046,0
1598050,0
1598066,0
1598089,0
1598095,0
1598097,0
1598104,0
1598105,0
1598121,0
1598124,0
1598126,0
1598128,0
1598129,0
1598131,0
1598132,0
1598136,0
1598139,0
1598140,0
1598147,0
1598150,0
1598167,0
1598169,0
1598177,0
1598190,0
1598201,0
1598202,0
1598204,0
1598207,0
1598208,0
1598209,0
1598217,0
1598234,0
1598235,0
1598243,0
1598244,0
1598251,0
1598252,0
1598254,0
1598258,0
1598268,0
1598270,0
1598277,0
1598278,0
1598281,0
1598286,0
1598287,0
1598298,0
1598299,0
1598300,0
1598307,0
1598312,0
1598314,0
1598337,0
1598340,0
1598343,0
1598346,0
1598351,0
1598355,0
1598357,0
1598370,0
1598374,0
1598385,0
1598387,0
1598388,0
1598410,0
1598427,0
1598436,0
1598437,0
1598461,0
1598464,0
1598465,0
1598466,0
1598479,0
1598480,0
1598482,0
1598483,0
1598484,0
1598510,0
1598528,0
1598533,0
1598538,0
1598548,0
1598564,0
1598565,0
1598567,0
1598577,0
1598579,0
1598584,0
1598592,0
1598593,0
1598610,0
1598611,0
1598612,0
1598617,0
1598636,0
1598641,0
1598648,0
1598649,0
1598650,0
1598654,0
1598655,0
1598661,0
1598675,0
1598691,0
1598703,0
1598710,0
1598716,0
1598736,0
1598737,0
1598745,0
1598747,0
1598751,0
1598757,0
1598764,0
1598766,0
1598780,0
1598791,0
1598795,0
1598801,0
1598810,0
1598811,0
1598812,0
1598816,0
1598820,0
1598823,0
1598825,0
1598826,0
1598840,0
1598842,0
1598851,0
1598870,0
1598879,0
1598887,0
1598889,0
1598909,0
1598910,0
1598913,0
1598915,0
1598919,0
1598922,0
1598924,0
1598928,0
1598932,0
1598938,0
1598944,0
1598947,0
1598950,0
1598969,0
1598970,0
1598975,0
1598976,0
1598977,0
1599006,0
1599033,0
1599036,0
1599041,0
1599042,0
1599050,0
1599057,0
1599058,0
1599068,0
1599078,0
1599098,0
1599102,0
1599106,0
1599130,0
1599137,0
1599151,0
1599159,0
1599170,0
1599175,0
1599176,0
1599182,0
1599190,0
1599200,0
1599206,0
1599221,0
1599228,0
1599229,0
1599250,0
1599252,0
1599255,0
1599257,0
1599267,0
1599272,0
1599273,0
1599277,0
1599280,0
1599292,0
1599293,0
1599296,0
1599299,0
1599316,0
1599326,0
1599344,0
1599354,0
1599369,0
1599378,0
1599381,0
1599389,0
1599392,0
1599399,0
1599411,0
1599414,0
1599418,0
1599424,0
1599425,0
1599434,0
1599443,0
1599447,0
1599455,0
1599467,0
1599484,0
1599489,0
1599491,0
1599506,0
1599510,0
1599511,0
1599520,0
1599525,0
1599531,0
1599550,0
1599551,0
1599570,0
1599571,0
1599587,0
1599588,0
1599589,0
1599592,0
1599594,0
1599596,0
1599598,0
1599602,0
1599603,0
1599604,0
1599613,0
1599614,0
1599618,0
1599619,0
1599621,0
1599622,0
1599626,0
1599645,0
1599646,0
1599647,0
1599654,0
1599656,0
1599666,0
1599669,0
1599671,0
1599680,0
1599687,0
1599691,0
1599695,0
1599696,0
1599697,0
1599698,0
1599707,0
1599710,0
1599711,0
1599718,0
1599722,0
1599728,0
1599731,0
1599732,0
1599738,0
1599739,0
1599740,0
1599746,0
1599753,0
1599754,0
1599781,0
1599790,0
1599791,0
1599803,0
1599816,0
1599823,0
1599830,0
1599834,0
1599838,0
1599841,0
1599857,0
1599862,0
1599869,0
1599871,0
1599875,0
1599888,0
1599889,0
1599895,0
1599896,0
1599902,0
1599904,0
1599912,0
1599924,0
1599925,0
1599928,0
1599945,0
1599957,0
1599979,0
1599983,0
1599991,0
1599996,0
1599998,0
1600002,0
1600011,0
1600013,0
1600018,0
1600021,0
1600023,0
1600030,0
1600031,0
1600049,0
1600052,0
1600057,0
1600065,0
1600072,0
1600075,0
1600082,0
1600095,0
1600103,0
1600125,0
1600137,0
1600155,0
1600157,0
1600170,0
1600171,0
1600194,0
1600195,0
1600197,0
1600222,0
1600230,0
1600233,0
1600261,0
1600262,0
1600264,0
1600270,0
1600272,0
1600277,0
1600299,0
1600312,0
1600313,0
1600317,0
1600320,0
1600327,0
1600329,0
1600332,0
1600333,0
1600337,0
1600338,0
1600344,0
1600369,0
1600371,0
1600382,0
1600384,0
1600393,0
1600404,0
1600423,0
1600424,0
1600427,0
1600443,0
1600458,0
1600463,0
1600465,0
1600466,0
1600469,0
1600485,0
1600486,0
1600487,0
1600488,0
1600496,0
1600497,0
1600502,0
1600504,0
1600505,0
1600508,0
1600509,0
1600515,0
1600516,0
1600517,0
1600518,0
1600519,0
1600527,0
1600531,0
1600532,0
1600533,0
1600534,0
1600537,0
1600539,0
1600540,0
1600572,0
1600575,0
1600576,0
1600578,0
1600590,0
1600592,0
1600599,0
1600602,0
1600607,0
1600608,0
1600609,0
1600619,0
1600642,0
1600643,0
1600644,0
1600649,0
1600655,0
1600656,0
1600661,0
1600664,0
1600665,0
1600666,0
1600668,0
1600669,0
1600683,0
1600686,0
1600690,0
1600691,0
1600693,0
1600698,0
1600699,0
1600705,0
1600717,0
1600725,0
1600728,0
1600731,0
1600735,0
1600741,0
1600744,0
1600745,0
1600766,0
1600770,0
1600772,0
1600773,0
1600775,0
1600776,0
1600779,0
1600781,0
1600791,0
1600792,0
1600797,0
1600802,0
1600803,0
1600807,0
1600812,0
1600813,0
1600815,0
1600816,0
1600818,0
1600820,0
1600821,0
1600822,0
1600823,0
1600826,0
1600829,0
1600837,0
1600849,0
1600859,0
1600860,0
1600861,0
1600868,0
1600870,0
1600877,0
1600882,0
1600892,0
1600894,0
1600906,0
1600921,0
1600922,0
1600923,0
1600929,0
1600930,0
1600931,0
1600949,0
1600950,0
1600952,0
1600953,0
1600963,0
1600964,0
1600972,0
1600982,0
1600990,0
1600991,0
1600994,0
1600999,0
1601016,0
1601019,0
1601026,0
1601032,0
1601042,0
1601045,0
1601048,0
1601052,0
1601059,0
1601061,0
1601079,0
1601107,0
1601108,0
1601125,0
1601127,0
1601130,0
1601132,0
1601136,0
1601139,0
1601150,0
1601153,0
1601154,0
1601157,0
1601162,0
1601165,0
1601166,0
1601173,0
1601181,0
1601185,0
1601194,0
1601195,0
1601202,0
1601218,0
1601223,0
1601229,0
1601230,0
1601232,0
1601233,0
1601239,0
1601241,0
1601245,0
1601250,0
1601251,0
1601253,0
1601254,0
1601255,0
1601257,0
1601258,0
1601260,0
1601263,0
1601274,0
1601278,0
1601282,0
1601284,0
1601318,0
1601322,0
1601331,0
1601335,0
1601337,0
1601339,0
1601360,0
1601363,0
1601364,0
1601365,0
1601368,0
1601375,0
1601383,0
1601386,0
1601387,0
1601392,0
1601397,0
1601401,0
1601402,0
1601405,0
1601412,0
1601413,0
1601416,0
1601419,0
1601420,0
1601426,0
1601432,0
1601436,0
1601437,0
1601448,0
1601453,0
1601457,0
1601465,0
1601470,0
1601472,0
1601473,0
1601487,0
1601494,0
1601495,0
1601497,0
1601499,0
1601503,0
1601526,0
1601531,0
1601532,0
1601545,0
1601554,0
1601558,0
1601562,0
1601563,0
1601564,0
1601567,0
1601568,0
1601569,0
1601578,0
1601579,0
1601583,0
1601584,0
1601588,0
1601592,0
1601593,0
1601596,0
1601597,0
1601601,0
1601603,0
1601607,0
1601609,0
1601613,0
1601616,0
1601638,0
1601646,0
1601654,0
1601657,0
1601659,0
1601665,0
1601666,0
1601673,0
1601676,0
1601685,0
1601687,0
1601690,0
1601691,0
1601692,0
1601704,0
1601705,0
1601709,0
1601710,0
1601720,0
1601727,0
1601728,0
1601733,0
1601736,0
1601739,0
1601740,0
1601746,0
1601748,0
1601754,0
1601755,0
1601782,0
1601787,0
1601788,0
1601790,0
1601793,0
1601794,0
1601795,0
1601799,0
1601804,0
1601805,0
1601806,0
1601807,0
1601809,0
1601815,0
1601816,0
1601817,0
1601823,0
1601824,0
1601826,0
1601829,0
1601830,0
1601832,0
1601835,0
1601836,0
1601842,0
1601843,0
1601844,0
1601847,0
1601851,0
1601852,0
1601859,0
1601862,0
1601863,0
1601865,0
1601879,0
1601887,0
1601890,0
1601915,0
1601918,0
1601920,0
1601924,0
1601930,0
1601933,0
1601934,0
1601938,0
1601939,0
1601940,0
1601941,0
1601950,0
1601952,0
1601960,0
1601961,0
1601962,0
1601965,0
1601970,0
1601977,0
1601978,0
1601982,0
1601983,0
1601984,0
1601990,0
1601993,0
1601999,0
1602008,0
1602012,0
1602016,0
1602017,0
1602023,0
1602025,0
1602027,0
1602028,0
1602029,0
1602035,0
1602038,0
1602040,0
1602043,0
1602044,0
1602045,0
1602046,0
1602047,0
1602049,0
1602050,0
1602055,0
1602056,0
1602060,0
1602068,0
1602070,0
1602080,0
1602091,0
1602093,0
1602096,0
1602097,0
1602099,0
1602100,0
1602101,0
1602104,0
1602105,0
1602106,0
1602107,0
1602111,0
1602113,0
1602114,0
1602117,0
1602120,0
1602122,0
1602123,0
1602124,0
1602125,0
1602127,0
1602132,0
1602134,0
1602136,0
1602137,0
1602141,0
1602147,0
1602148,0
1602149,0
1602166,0
1602168,0
1602171,0
1602172,0
1602179,0
1602180,0
1602181,0
1602182,0
1602183,0
1602186,0
1602189,0
1602190,0
1602191,0
1602193,0
1602205,0
1602207,0
1602210,0
1602212,0
1602213,0
1602214,0
1602215,0
1602219,0
1602223,0
1602224,0
1602225,0
1602227,0
1602233,0
1602243,0
1602249,0
1602250,0
1602257,0
1602258,0
1602261,0
1602262,0
1602266,0
1602271,0
1602272,0
1602273,0
1602276,0
1602277,0
1602278,0
1602282,0
1602283,0
1602284,0
1602290,0
1602294,0
1602296,0
1602298,0
1602302,0
1602303,0
1602304,0
1602305,0
1602306,0
1602310,0
1602311,0
1602312,0
1602313,0
1602321,0
1602324,0
1602327,0
1602329,0
1602330,0
1602335,0
1602342,0
1602352,0
1602362,0
1602365,0
1602369,0
1602370,0
1602373,0
1602379,0
1602381,0
1602389,0
1602398,0
1602399,0
1602424,0
1602426,0
1602427,0
1602434,0
1602435,0
1602437,0
1602441,0
1602443,0
1602444,0
1602446,0
1602449,0
1602450,0
1602454,0
1602458,0
1602460,0
1602462,0
1602467,0
1602468,0
1602471,0
1602473,0
1602482,0
1602483,0
1602485,0
1602490,0
1602494,0
1602495,0
1602500,0
1602501,0
1602503,0
1602504,0
1602511,0
1602512,0
1602519,0
1602523,0
1602524,0
1602526,0
1602527,0
1602528,0
1602529,0
1602539,0
1602544,0
1602548,0
1602549,0
1602560,0
1602561,0
1602562,0
1602565,0
1602566,0
1602567,0
1602569,0
1602571,0
1602572,0
1602577,0
1602580,0
1602585,0
1602587,0
1602592,0
1602601,0
1602603,0
1602604,0
1602605,0
1602606,0
1602607,0
1602615,0
1602622,0
1602624,0
1602625,0
1602626,0
1602630,0
1602633,0
1602635,0
1602636,0
1602637,0
1602643,0
1602644,0
1602646,0
1602653,0
1602664,0
1602666,0
1602667,0
1602670,0
1602674,0
1602676,0
1602678,0
1602680,0
1602682,0
1602683,0
1602684,0
1602686,0
1602688,0
1602690,0
1602691,0
1602692,0
1602694,0
1602696,0
1602699,0
1602700,0
1602701,0
1602707,0
1602708,0
1602710,0
1602713,0
1602714,0
1602715,0
1602717,0
1602719,0
1602720,0
1602723,0
1602724,0
1602725,0
1602726,0
1602730,0
1602731,0
1602735,0
1602737,0
1602743,0
1602745,0
1602747,0
1602748,0
1602750,0
1602751,0
1602757,0
1602758,0
1602760,0
1602763,0
1602765,0
1602767,0
1602768,0
1602770,0
1602772,0
1602773,0
1602774,0
1602776,0
1602777,0
1602778,0
1602779,0
1602780,0
1602781,0
1602782,0
1602784,0
1602786,0
1602787,0
1602788,0
1602790,0
1602805,0
1602807,0
1602817,0
1602826,0
1602828,0
1602836,0
1602837,0
1602840,0
1602841,0
1602845,0
1602846,0
1602851,0
1602854,0
1602855,0
1602857,0
1602859,0
1602860,0
1602861,0
1602868,0
1602869,0
1602873,0
1602875,0
1602878,0
1602881,0
1602882,0
1602883,0
1602894,0
1602896,0
1602898,0
1602899,0
1602900,0
1602902,0
1602904,0
1602905,0
1602906,0
1602908,0
1602909,0
1602910,0
1602912,0
1602913,0
1602914,0
1602917,0
1602919,0
1602922,0
1602926,0
1602929,0
1602931,0
1602934,0
1602935,0
1602938,0
1602939,0
1602940,0
1602942,0
1602948,0
1602949,0
1602954,0
1602955,0
1602956,0
1602957,0
1602958,0
1602960,0
1602962,0
1602965,0
1602966,0
1602968,0
1602970,0
1602971,0
1602977,0
1602983,0
1602986,0
1602994,0
1602996,0
1602998,0
1602999,0
1603000,0
1603002,0
1603005,0
1603007,0
1603008,0
1603012,0
1603017,0
1603018,0
1603019,0
1603029,0
1603030,0
1603031,0
1603033,0
1603034,0
1603038,0
1603043,0
1603046,0
1603047,0
1603051,0
1603052,0
1603053,0
1603054,0
1603057,0
1603068,0
1603069,0
1603070,0
1603071,0
1603072,0
1603073,0
1603074,0
1603075,0
1603076,0
1603077,0
1603082,0
1603083,0
1603084,0
1603085,0
1603086,0
1603088,0
1603092,0
1603093,0
1603095,0
1603096,0
1603097,0
1603103,0
1603112,0
1603113,0
1603122,0
1603123,0
1603124,0
1603125,0
1603127,0
1603141,0
1603142,0
1603143,0
1603147,0
1603151,0
1603152,0
1603153,0
1603156,0
1603157,0
1603160,0
1603161,0
1603162,0
1603165,0
1603167,0
1603169,0
1603170,0
1603171,0
1603172,0
1603173,0
1603174,0
1603175,0
1603176,0
1603177,0
1603182,0
1603183,0
1603185,0
1603186,0
1603187,0
1603189,0
1603190,0
1603193,0
1603194,0
1603195,0
1603196,0
1603197,0
1603198,0
1603201,0
1603202,0
1603213,0
1603214,0
1603215,0
1603216,0
1603219,0
1603221,0
1603223,0
1603225,0
1603226,0
1603232,0
1603233,0
1603251,0
1603254,0
1603258,0
1603261,0
1603262,0
1603263,0
1603264,0
1603266,0
1603267,0
1603269,0
1603270,0
1603271,0
1603273,0
1603275,0
1603276,0
1603277,0
1603280,0
1603281,0
1603283,0
1603284,0
1603285,0
1603287,0
1603288,0
1603294,0
1603295,0
1603296,0
1603297,0
1603298,0
1603299,0
1603300,0
1603303,0
1603304,0
1603305,0
1603308,0
1603309,0
1603310,0
1603311,0
1603312,0
1603313,0
1603314,0
1603315,0
1603316,0
1603322,0
1603324,0
1603325,0
1603326,0
1603328,0
1603329,0
1603330,0
1603333,0
1603337,0
1603339,0
1603340,0
1603343,0
1603345,0
1603347,0
1603350,0
1603353,0
1603355,0
1603365,0
1603366,0
1603369,0
1603370,0
1603377,0
1603378,0
1603381,0
1603383,0
1603394,0
1603395,0
1603396,0
1603405,0
1603411,0
1603415,0
1603416,0
1603420,0
1603423,0
1603424,0
1603425,0
1603426,0
1603427,0
1603428,0
1603430,0
1603431,0
1603434,0
1603439,0
1603440,0
1603442,0
1603444,0
1603445,0
1603446,0
1603447,0
1603449,0
1603450,0
1603453,0
1603454,0
1603455,0
1603456,0
1603458,0
1603459,0
1603460,0
1603461,0
1603462,0
1603463,0
1603468,0
1603469,0
1603475,0
1603477,0
1603479,0
1603480,0
1603483,0
1603484,0
1603487,0
1603488,0
1603489,0
1603490,0
1603495,0
1603497,0
1603499,0
1603501,0
1603503,0
1603504,0
1603505,0
1603506,0
1603509,0
1603513,0
1603514,0
1603515,0
1603516,0
1603517,0
1603519,0
1603523,0
1603524,0
1603525,0
1603526,0
1603530,0
1603531,0
1603532,0
1603533,0
1603535,0
1603538,0
1603539,0
1603543,0
1603545,0
1603546,0
1603549,0
1603559,0
1603561,0
1603562,0
1603563,0
1603564,0
1603566,0
1603570,0
1603571,0
1603574,0
1603575,0
1603577,0
1603581,0
1603582,0
1603585,0
1603586,0
1603593,0
1603595,0
1603597,0
1603598,0
1603599,0
1603602,0
1603607,0
1603608,0
1603609,0
1603611,0
1603613,0
1603617,0
1603619,0
1603622,0
1603627,0
1603631,0
1603632,0
1603637,0
1603639,0
1603640,0
1603644,0
1603645,0
1603646,0
1603647,0
1603649,0
1603655,0
1603666,0
1603667,0
1603669,0
1603671,0
1603673,0
1603675,0
1603678,0
1603679,0
1603680,0
1603682,0
1603684,0
1603686,0
1603688,0
1603694,0
1603697,0
1603698,0
1603700,0
1603706,0
1603707,0
1603711,0
1603713,0
1603714,0
1603715,0
1603716,0
1603717,0
1603718,0
1603722,0
1603724,0
1603727,0
1603728,0
1603731,0
1603732,0
1603734,0
1603739,0
1603741,0
1603742,0
1603743,0
1603745,0
1603747,0
1603750,0
1603752,0
1603754,0
1603763,0
1603765,0
1603768,0
1603770,0
1603772,0
1603773,0
1603777,0
1603778,0
1603779,0
1603780,0
1603782,0
1603783,0
1603786,0
1603789,0
1603791,0
1603793,0
1603795,0
1603797,0
1603799,0
1603802,0
1603804,0
1603805,0
1603811,0
1603812,0
1603813,0
1603814,0
1603815,0
1603816,0
1603818,0
1603821,0
1603822,0
1603823,0
1603824,0
1603827,0
1603829,0
1603830,0
1603831,0
1603832,0
1603836,0
1603837,0
1603843,0
1603845,0
1603846,0
1603847,0
1603848,0
1603850,0
1603853,0
1603855,0
1603858,0
1603861,0
1603863,0
1603864,0
1603865,0
1603866,0
1603867,0
1603868,0
1603869,0
1603870,0
1603871,0
1603872,0
1603876,0
1603877,0
1603878,0
1603879,0
1603883,0
1603884,0
1603885,0
1603886,0
1603887,0
1603893,0
1603896,0
1603897,0
1603899,0
1603900,0
1603901,0
1603902,0
1603904,0
1603905,0
1603906,0
1603910,0
1603911,0
1603914,0
1603915,0
1603919,0
1603926,0
1603927,0
1603928,0
1603930,0
1603932,0
1603933,0
1603934,0
1603938,0
1603941,0
1603950,0
1603951,0
1603954,0
1603958,0
1603960,0
1603961,0
1603963,0
1603964,0
1603965,0
1603968,0
1603973,0
1603977,0
1603978,0
1603979,0
1603984,0
1603988,0
1603989,0
1603991,0
1603992,0
1603993,0
1603994,0
1603998,0
1603999,0
1604001,0
1604012,0
1604013,0
1604015,0
1604016,0
1604017,0
1604021,0
1604022,0
1604026,0
1604027,0
1604029,0
1604032,0
1604033,0
1604035,0
1604036,0
1604037,0
1604038,0
1604040,0
1604042,0
1604044,0
1604050,0
1604051,0
1604052,0
1604054,0
1604055,0
1604059,0
1604061,0
1604070,0
1604071,0
1604072,0
1604073,0
1604074,0
1604078,0
1604079,0
1604081,0
1604082,0
1604083,0
1604086,0
1604087,0
1604089,0
1604092,0
1604093,0
1604096,0
1604103,0
1604104,0
1604106,0
1604107,0
1604108,0
1604109,0
1604110,0
1604111,0
1604112,0
1604113,0
1604115,0
1604116,0
1604117,0
1604123,0
1604124,0
1604125,0
1604126,0
1604130,0
1604131,0
1604132,0
1604134,0
1604135,0
1604138,0
1604141,0
1604142,0
1604146,0
1604147,0
1604149,0
1604152,0
1604154,0
1604155,0
1604156,0
1604157,0
1604159,0
1604162,0
1604164,0
1604178,0
1604179,0
1604180,0
1604182,0
1604184,0
1604197,0
1604201,0
1604209,0
1604210,0
1604212,0
1604218,0
1604221,0
1604222,0
1604224,0
1604225,0
1604227,0
1604230,0
1604231,0
1604232,0
1604234,0
1604235,0
1604240,0
1604243,0
1604244,0
1604245,0
1604246,0
1604247,0
1604248,0
1604249,0
1604250,0
1604251,0
1604252,0
1604253,0
1604254,0
1604258,0
1604259,0
1604261,0
1604264,0
1604265,0
1604266,0
1604268,0
1604269,0
1604271,0
1604275,0
1604277,0
1604278,0
1604279,0
1604283,0
1604284,0
1604288,0
1604295,0
1604297,0
1604298,0
1604300,0
1604301,0
1604308,0
1604309,0
1604315,0
1604317,0
1604319,0
1604320,0
1604321,0
1604323,0
1604325,0
1604327,0
1604328,0
1604329,0
1604332,0
1604335,0
1604337,0
1604338,0
1604339,0
1604340,0
1604342,0
1604347,0
1604348,0
1604351,0
1604353,0
1604354,0
1604357,0
1604358,0
1604365,0
1604366,0
1604369,0
1604370,0
1604372,0
1604374,0
1604378,0
1604379,0
1604380,0
1604385,0
1604387,0
1604390,0
1604393,0
1604394,0
1604395,0
1604396,0
1604398,0
1604399,0
1604400,0
1604401,0
1604404,0
1604405,0
1604406,0
1604408,0
1604409,0
1604411,0
1604412,0
1604413,0
1604414,0
1604416,0
1604419,0
1604421,0
1604422,0
1604425,0
1604426,0
1604427,0
1604429,0
1604434,0
1604435,0
1604437,0
1604439,0
1604440,0
1604441,0
1604450,0
1604453,0
1604454,0
1604455,0
1604457,0
1604460,0
1604462,0
1604463,0
1604466,0
1604467,0
1604473,0
1604474,0
1604477,0
1604480,0
1604484,0
1604485,0
1604486,0
1604487,0
1604488,0
1604491,0
1604492,0
1604493,0
1604495,0
1604499,0
1604501,0
1604502,0
1604503,0
1604504,0
1604508,0
1604509,0
1604510,0
1604513,0
1604518,0
1604519,0
1604520,0
1604521,0
1604522,0
1604525,0
1604526,0
1604528,0
1604530,0
1604532,0
1604538,0
1604539,0
1604542,0
1604544,0
1604546,0
1604548,0
1604550,0
1604551,0
1604552,0
1604554,0
1604556,0
1604557,0
1604558,0
1604560,0
1604561,0
1604562,0
1604563,0
1604564,0
1604566,0
1604567,0
1604568,0
1604569,0
1604570,0
1604571,0
1604573,0
1604574,0
1604575,0
1604576,0
1604577,0
1604583,0
1604585,0
1604587,0
1604588,0
1604590,0
1604591,0
1604592,0
1604593,0
1604599,0
1604601,0
1604604,0
1604605,0
1604606,0
1604607,0
1604608,0
1604609,0
1604611,0
1604612,0
1604613,0
1604614,0
1604615,0
1604617,0
1604619,0
1604621,0
1604622,0
1604623,0
1604625,0
1604626,0
1604628,0
1604631,0
1604632,0
1604633,0
1604634,0
1604635,0
1604637,0
1604639,0
1604644,0
1604646,0
1604648,0
1604651,0
1604653,0
1604654,0
1604655,0
1604659,0
1604660,0
1604662,0
1604664,0
1604665,0
1604666,0
1604667,0
1604668,0
1604669,0
1604670,0
1604672,0
1604673,0
1604677,0
1604678,0
1604679,0
1604680,0
1604681,0
1604685,0
1604686,0
1604689,0
1604691,0
1604692,0
1604693,0
1604694,0
1604695,0
1604699,0
1604700,0
1604702,0
1604703,0
1604705,0
1604706,0
1604708,0
1604709,0
1604711,0
1604713,0
1604715,0
1604721,0
1604722,0
1604723,0
1604724,0
1604726,0
1604728,0
1604729,0
1604730,0
1604733,0
1604738,0
1604740,0
1604743,0
1604745,0
1604746,0
1604747,0
1604748,0
1604749,0
1604750,0
1604751,0
1604752,0
1604753,0
1604754,0
1604755,0
1604756,0
1604757,0
1604758,0
1604759,0
1604761,0
1604763,0
1604764,0
1604765,0
1604766,0
1604767,0
1604768,0
1604771,0
1604774,0
1604775,0
1604776,0
1604777,0
1604779,0
1604781,0
1604782,0
1604784,0
1604785,0
1604787,0
1604788,0
1604789,0
1604790,0
1604793,0
1604794,0
1604795,0
1604796,0
1604797,0
1604798,0
1604799,0
1604800,0
1604801,0
1604803,0
1604805,0
1604806,0
1604809,0
1604812,0
1604814,0
1604815,0
1604816,0
1604818,0
1604819,0
1604820,0
1604822,0
1604823,0
1604824,0
1604827,0
1604828,0
1604829,0
1604830,0
1604831,0
1604832,0
1604834,0
1604835,0
1604836,0
1604837,0
1604838,0
1604839,0
1604840,0
1604841,0
1604846,0
1604847,0
1604848,0
1604849,0
1604850,0
1604851,0
1604853,0
1604854,0
1604855,0
1604856,0
1604861,0
1604862,0
1604863,0
1604864,0
1604866,0
1604870,0
1604871,0
1604874,0
1604875,0
1604876,0
1604877,0
1604878,0
1604880,0
1604882,0
1604883,0
1604884,0
1604885,0
1604888,0
1604891,0
1604892,0
1604894,0
1604899,0
1604901,0
1604903,0
1604906,0
1604908,0
1604909,0
1604910,0
1604911,0
1604912,0
1604914,0
1604915,0
1604918,0
1604919,0
1604920,0
1604921,0
1604922,0
1604924,0
1604925,0
1604926,0
1604927,0
1604928,0
1604929,0
1604930,0
1604935,0
1604936,0
1604937,0
1604938,0
1604940,0
1604944,0
1604947,0
1604949,0
1604950,0
1604951,0
1604952,0
1604954,0
1604955,0
1604956,0
1604957,0
1604958,0
1604959,0
1604960,0
1604961,0
1604963,0
1604964,0
1604965,0
1604966,0
1604969,0
1604970,0
1604971,0
1604972,0
1604974,0
1604975,0
1604976,0
1604979,0
1604980,0
1604981,0
1604984,0
1604985,0
1604986,0
1604989,0
1604990,0
1604991,0
1604993,0
1604996,0
1604997,0
1604998,0
1604999,0
1605001,0
1605006,0
1605007,0
1605010,0
1605011,0
1605012,0
1605013,0
1605014,0
1605024,0
1605026,0
1605027,0
1605028,0
1605029,0
1605030,0
1605032,0
1605034,0
1605035,0
1605037,0
1605038,0
1605039,0
1605040,0
1605042,0
1605043,0
1605045,0
1605047,0
1605048,0
1605049,0
1605050,0
1605051,0
1605052,0
1605053,0
1605054,0
1605055,0
1605056,0
1605057,0
1605060,0
1605061,0
1605062,0
1605063,0
1605064,0
1605065,0
1605066,0
1605067,0
1605069,0
1605073,0
1605074,0
1605076,0
1605077,0
1605079,0
1605083,0
1605084,0
1605086,0
1605087,0
1605088,0
1605089,0
1605090,0
1605092,0
1605093,0
1605095,0
1605097,0
1605099,0
1605100,0
1605101,0
1605103,0
1605106,0
1605107,0
1605108,0
1605109,0
1605110,0
1605111,0
1605112,0
1605113,0
1605114,0
1605116,0
1605117,0
1605118,0
1605119,0
1605122,0
1605123,0
1605124,0
1605125,0
1605126,0
1605127,0
1605128,0
1605129,0
1605130,0
1605131,0
1605132,0
1605133,0
1605134,0
1605135,0
1605136,0
1605138,0
1605139,0
1605140,0
1605141,0
1605142,0
1605143,0
1605144,0
1605148,0
1605149,0
1605150,0
1605152,0
1605153,0
1605154,0
1605156,0
1605157,0
1605158,0
1605159,0
1605160,0
1605161,0
1605163,0
1605165,0
1605167,0
1605169,0
1605170,0
1605171,0
1605172,0
1605173,0
1605174,0
1605175,0
1605176,0
1605177,0
1605178,0
1605181,0
1605182,0
1605183,0
1605184,0
1605185,0
1605186,0
1605189,0
1605190,0
1605191,0
1605192,0
1605195,0
1605197,0
1605198,0
1605200,0
1605202,0
1605203,0
1605204,0
1605205,0
1605208,0
1605209,0
1605210,0
1605211,0
1605212,0
1605213,0
1605214,0
1605215,0
1605216,0
1605217,0
1605220,0
1605230,0
1605233,0
1605234,0
1605235,0
1605236,0
1605237,0
1605238,0
1605240,0
1605242,0
1605243,0
1605244,0
1605245,0
1605246,0
1605247,0
1605248,0
1605249,0
1605250,0
1605251,0
1605252,0
1605253,0
1605254,0
1605255,0
1605256,0
1605259,0
1605260,0
1605261,0
1605262,0
1605263,0
1605264,0
1605265,0
1605266,0
1605267,0
1605269,0
1605270,0
1605271,0
1605272,0
1605273,0
1605274,0
1605275,0
1605276,0
1605277,0
1605278,0
1605279,0
1605280,0
1605281,0
1605282,0
1605283,0
1605284,0
1605285,0
1605286,0
1605287,0
1605288,0
1605290,0
1605291,0
1605295,0
1605296,0
1605301,0
1605302,0
1605303,0
1605304,0
1605305,0
1605308,0
1605309,0
1605310,0
1605312,0
1605313,0
1605314,0
1605315,0
1605316,0
1605317,0
1605319,0
1605321,0
1605322,0
1605323,0
1605324,0
1605325,0
1605327,0
1605328,0
1605329,0
1605330,0
1605331,0
1605332,0
1605335,0
1605337,0
1605339,0
1605340,0
1605341,0
1605343,0
1605345,0
1605347,0
1605348,0
1605349,0
1605350,0
1605351,0
1605352,0
1605353,0
1605354,0
1605355,0
1605357,0
1605358,0
1605359,0
1605360,0
1605361,0
1605362,0
1605363,0
1605364,0
1605365,0
1605367,0
1605368,0
1605369,0
1605370,0
1605371,0
1605372,0
1605374,0
1605375,0
